mutation_name,label,pred
"T8A,N169D,V192A",3.7237692,-0.0346253
"T8A,N197D,I228V",3.5600674,-0.0832066
"T8A,F45L,K155R",3.568302,-0.166791
"T8A,D196G,I228T",3.673638,-0.027738642
"T8A,K157E,I228V",3.7937534,-0.100235485
"T8A,K78R,K106E,N197D",3.7155137,-0.1525662
"T8A,K51R,K165R",3.7042143,-0.05974628
"K44R,F98S,N120S",3.5581849,-0.3237112
"K44R,I46V,K165R",3.6926827,-0.28843936
"K44R,K106E,V192A,T229A",3.5767848,-0.26107353
"K44R,K125R,K165R",3.6469018,-0.19256344
"K44R,K125R,K157E",3.6852276,-0.18570253
"K44R,K112R,S174G,I228T",3.3813853,-0.27070892
"K44R,K112R,Q183R",3.5467725,-0.21429893
"K44R,K51R,K125R",3.474981,-0.16681394
"K44R,K78E,N143S",3.3900654,-0.35442653
"K44R,K78E,K165E",3.2607853,-0.3080384
"K44R,K78R,N197D",3.5700593,-0.14896289
"F45L,K51E,K165R",3.6145272,-0.24730998
"F45L,K130R,E234G",3.5561771,-0.14318731
"F45L,K130E,T229A",3.6102583,-0.2020301
"F45L,N169D,K213E",3.5613265,-0.11323988
"F45L,D132G,N143S,N197D",3.709964,-0.15162444
"F45L,D132G,E171G",3.583759,-0.123551495
"I46V,F129L,V149A",3.5635736,-0.5244798
"I46V,F98S,V149A",3.6904578,-0.3827691
"I46V,T48A,Q183R",3.6093693,-0.23572429
"I46V,K155R,N163S",3.5534697,-0.29862773
"I46V,K78E,I228V",3.7327921,-0.34980026
"I46V,K51E,K165E",3.6051064,-0.09730053
"I46V,K112R,K155R",3.9386864,-0.17913847
"I46V,K125R,K213E",3.8841314,-0.12483759
"T48A,V162A,I228T",3.7054365,0.02147509
"T48A,K155R,F164S",3.2593584,-0.55114865
"T48A,K51R,V192A",3.5000205,-0.16719982
"T48A,K125R,K130E,I228T",3.4987376,-0.33238286
"T48A,K78R,F164S",3.4097836,-0.58247197
"T48A,N143S,E171G",3.6183002,-0.12621315
"T48A,N163S,D196G",3.4130392,-0.3173645
"T48A,N163S,S174G",3.4812775,-0.36961147
"T48A,N197D,I228V",3.4471657,-0.19231161
"K51R,N158D,K165E",3.7615712,0.07215211
"K51R,K106E,K155R",3.6153796,-0.13075574
"K51R,K78E,I228V",3.4323006,-0.2857647
"K51R,D132G,T229A",3.6067731,-0.028514866
"K51R,F98S,V149A",3.573084,-0.30237848
"K51E,F98S,K130R",3.5659237,-0.24829213
"K51E,F98S,K155R",3.713102,-0.22659472
"K51E,K106E,N158D,K165E",3.5528271,0.001780957
"K51E,K106E,Q183R",3.6934307,-0.23808563
"K51E,K125R,E171G",3.5710037,-0.1336177
"K51E,K130E,D132G,E234G",3.53815,-0.32661274
"K78R,D132G,K213E",3.8337462,-0.10344896
"K78R,F129L,E171G,S174G",3.5606081,-0.11755437
"K78R,F98S,K130R",3.5472994,-0.11894502
"K78E,Q183R,D196G",3.744441,-0.1819062
"K78E,N197D,K213E",3.4989438,-0.10328728
"K78E,N169D,I228T",3.46891,-0.22722264
"K78E,K157R,N169D",3.5732899,-0.09840593
"K78E,N120S,N163S,Q183R",3.141671,-0.4135123
"K78E,K112R,K130R",3.5735567,-0.27378887
"K78R,K125R,N158D",3.7065227,0.04104642
"K78R,S174G,D196G",3.8107586,0.021937221
"F98S,N197D,I228T",3.719598,-0.051124394
"F98S,K125R,K130E",3.6040506,-0.25337493
"F98S,K125R,V149A",3.5745723,-0.32778385
"F98S,K157E,S174G",3.8807814,-0.13227971
"K106E,E171G,E234G",3.6683307,-0.117064714
"K106E,D132G,S174G",3.4381835,-0.17764819
"K106E,N120S,K125R,K130R",3.571975,-0.15413798
"K106E,I228T,T229A",3.59864,-0.1342363
"K112R,K165R,I228V",3.581624,-0.14873819
"K112R,N120S,N169D",3.5547938,-0.117814675
"K112R,K125R,V162A",3.7885745,0.029759226
"K112R,K157R,S174G",3.7777884,0.030909505
"K112R,F129L,D132G",3.5791194,-0.44709656
"K112R,F164S,K165E",3.6240027,-0.47275057
"K112R,E171G,Q183R",3.8324692,0.046232864
"N120S,K125R,K155R",3.6079533,-0.090695664
"N120S,K130E,V162A",3.6042023,0.15363042
"N120S,K157R,N169D,E171G",3.7054124,0.08208203
"N120S,I228T,E234G",3.6279309,-0.17719187
"N120S,K213E,T229A",3.762639,0.10837701
"N120S,N143S,K155R,F164S",3.2451239,-0.44662678
"N120S,D132G,I228T",3.6384614,-0.13432918
"N120S,F129L,K130E",3.3450367,-0.35977763
"K125R,V149A,T229A",3.6020958,-0.22616251
"F129L,K165E,I228V",3.6039188,-0.38881892
"F129L,D196G,I228V",3.706348,-0.39082873
"F129L,V149A,Q183R",3.539701,-0.45381594
"F129L,V162A,S174G",3.6404345,-0.16420723
"F129L,V162A,K213E",3.6847312,-0.16598994
"F129L,N143S,V192A",3.3888779,-0.3500361
"K130R,N158D,K165E",3.7687972,0.04958023
"K130R,K165R,E171G",3.879259,0.06527929
"K130R,Q183R,I228V",3.7308102,-0.04416172
"K130E,K157E,K213E",3.6270335,0.066290006
"K130E,K157E,D196G",3.6846972,-0.0014011785
"D132G,V149A,I228T",3.6214795,-0.33076763
"N143S,V149A,E171G",3.5739167,-0.23971322
"N143S,N163S,V192A",3.6853054,-0.16982329
"N143S,N158D,D196G",3.675716,0.07906835
"N143S,K157R,E171G",3.6863873,0.08218415
"V149A,V162A,Q183R",3.7195318,-0.08232363
"V149A,N163S,D196G",3.6896772,-0.43888944
"V149A,N158D,I228V",3.6510198,-0.2166459
"V149A,K165R,E171G",3.7517343,-0.17826408
"K155R,K165E,I228V",3.6727881,-0.10523055
"K157E,N158D,E234G",3.576832,0.0379452
"K157E,F164S,D196G",3.1377046,-0.36148146
"K157R,N197D,K213E",3.9949846,0.09370576
"K157R,N197D,T229A",3.9371102,0.13699135
"K157R,V192A,D196G",3.8588815,0.058651693
"N158D,N163S,S174G",3.7461064,-0.12318852
"V162A,F164S,N169D",3.7031586,-0.24489519
"V162A,N169D,E234G",3.6530778,0.13961494
"V162A,N163S,Q183R,V192A",3.9529016,-0.006205473
"F164S,D196G,K213E",3.5324726,-0.40589574
"K165R,S174G,N197D",3.586022,0.054715227
"V192A,N197D,I228V",3.6939135,-0.07017685
