mutation_name,label,ESM-1v,ESM-2 (3B),ESM-IF1,ESM-MSA-1b,ProteinMPNN,VESPA
"D132G,V149A,I228T",3.6214795112609854,-11.142620515823364,-11.26458740234375,-0.0856433515789127,-14.964352130889893,-1.019015192985535,1.0684070643408283
"F129L,D196G,I228V",3.706347942352295,-9.410462760925292,-9.656479835510254,-0.0945003733915441,-18.01108455657959,-1.037702202796936,0.9245402527325214
"F129L,K165E,I228V",3.6039187908172607,-9.90019326210022,-9.73238444328308,-0.0825338924632352,-16.367108821868896,-1.0315229892730713,0.907655001501878
"F129L,N143S,V192A",3.388877868652344,-10.392382049560547,-10.087287425994871,-0.0919363839285714,-18.68767786026001,-1.0222538709640503,0.9001569948334254
"F129L,V149A,Q183R",3.539700984954834,-9.694202327728272,-9.417614221572876,-0.0927603585379464,-18.52668619155884,-1.0527675151824951,0.9507394403838764
"F129L,V162A,K213E",3.6847312450408936,-10.31503677368164,-9.82285475730896,-0.0852673955324316,-14.91435432434082,-1.032524824142456,0.9451263839724462
"F129L,V162A,S174G",3.640434503555298,-10.910845756530762,-10.55587124824524,-0.0972646504891019,-7.398843288421631,-1.0236011743545532,0.9518667140023368
"F164S,D196G,K213E",3.532472610473633,-10.148629951477051,-10.369122743606567,-0.0669273568802522,-24.28471851348877,-1.0392093658447266,1.0109205628155689
"F45L,D132G,E171G",3.583759069442749,-10.669494915008546,-9.93608808517456,-0.0708132190864627,-14.051635265350342,-1.0229641199111938,0.9969572786177482
"F45L,D132G,N143S,N197D",3.709964036941528,-13.419803380966188,-13.01521062850952,-0.0364028545988708,-15.153015613555908,-1.0032669305801392,1.2331814926373197
"F45L,K130E,T229A",3.6102583408355713,-9.820238637924197,-8.589438915252686,-0.0519852838596377,-16.19682216644287,-1.0260071754455566,0.9942694979581824
"F45L,K130R,E234G",3.5561771392822266,-10.451525926589966,-10.815265893936155,-0.065366344291623,-14.00183916091919,-1.032314658164978,1.001420115384044
"F45L,K51E,K165R",3.6145272254943848,-10.15861406326294,-9.682356595993042,-0.0300667386095063,-14.803654670715332,-1.0261071920394895,0.8744031749049881
"F45L,N169D,K213E",3.561326503753662,-10.160547256469728,-10.429047107696531,-0.0351685596113446,-14.599804878234863,-1.0124071836471558,0.9471505156887154
"F98S,K125R,K130E",3.604050636291504,-10.642963552474976,-10.041300058364868,-0.0201885319557511,-15.365020751953123,-1.0272033214569092,0.8984396056163593
"F98S,K125R,V149A",3.574572324752808,-10.355718326568605,-10.039089918136597,-0.0372509355304622,-10.754586219787598,-1.0190869569778442,0.9810268607315348
"F98S,K157E,S174G",3.880781412124634,-10.037791728973389,-9.980382919311523,-0.0238324333639705,-8.310552597045898,-1.015651822090149,0.8977942188976424
"F98S,N197D,I228T",3.719598054885864,-9.589630270004273,-10.028188228607178,-0.0441932998785452,-10.134943962097168,-1.0188673734664917,1.0790047332202222
"I46V,F129L,V149A",3.5635735988616943,-9.67020673751831,-9.38581109046936,-0.0879124232700894,-14.008902549743652,-1.0361965894699097,0.895596450903964
"I46V,F98S,V149A",3.690457820892334,-9.08908667564392,-9.008232831954956,-0.0283995556230305,-9.281436443328856,-0.9975339770317078,0.9413494856330648
"I46V,K112R,K155R",3.93868637084961,-11.169809246063233,-10.698696374893188,-0.0055558661452863,-11.09962558746338,-0.984222650527954,0.7168110267653579
"I46V,K125R,K213E",3.88413143157959,-11.37634825706482,-11.163825511932371,-0.0063302176339286,-14.63933277130127,-0.9787384867668152,0.7622303469101033
"I46V,K155R,N163S",3.553469657897949,-10.127495670318604,-9.67580509185791,-0.0042306595489758,-13.44312047958374,-1.0113829374313354,0.7664667577111853
"I46V,K51E,K165E",3.6051063537597656,-10.089709377288818,-9.793819189071655,-0.0026363084296219,-16.3166184425354,-0.9830846786499025,0.7466277918308898
"I46V,K78E,I228V",3.7327921390533447,-10.218660640716552,-10.77145528793335,-0.0282726127560399,-14.438535690307615,-0.9980531334877014,0.7745585454964725
"I46V,T48A,Q183R",3.6093692779541016,-9.877877473831177,-9.89603304862976,-0.0387877135717569,-15.931703090667725,-1.0023338794708252,0.826346972105789
"K106E,D132G,S174G",3.438183546066284,-12.085729789733886,-11.820163249969482,-0.0326089298023897,-13.650427341461182,-1.0168864727020264,0.8563267850500602
"K106E,E171G,E234G",3.668330669403076,-10.937469816207884,-11.212230920791626,-0.0586131119928441,-22.751425743103027,-1.0297906398773191,0.9609184609498522
"K106E,I228T,T229A",3.598639965057373,-10.597531700134278,-10.326107501983644,-0.0566760151326155,-18.34217739105225,-1.042047142982483,1.029029385585741
"K106E,N120S,K125R,K130R",3.571974992752075,-15.472174072265624,-15.01113510131836,-0.0354933538356749,-23.541955947875977,-1.007474064826965,1.0608254836328268
"K112R,E171G,Q183R",3.8324692249298096,-11.207967472076415,-10.791992902755736,-0.0337380801930147,-17.24192476272583,-1.0253074169158936,0.8378193494080777
"K112R,F129L,D132G",3.5791194438934326,-11.102752876281738,-10.291284561157228,-0.0808109315503544,-15.437096118927002,-1.0197627544403076,0.8698173794524311
"K112R,F164S,K165E",3.624002695083618,-10.94992904663086,-10.597347021102903,-0.055081920463498,-18.24377679824829,-1.0089553594589231,0.9461752400332892
"K112R,K125R,V162A",3.788574457168579,-12.01395287513733,-11.405653715133669,-0.0295733283547794,-7.848968029022217,-1.0304392576217651,0.8280777879178942
"K112R,K157R,S174G",3.777788400650024,-12.662286615371704,-12.58614945411682,-0.0150836335510766,-9.327909469604492,-1.0192619562149048,0.7625972314469722
"K112R,K165R,I228V",3.5816240310668945,-11.406474304199218,-11.250264406204224,-0.0205696170069591,-11.911389827728271,-1.0141874551773071,0.7985421458760564
"K112R,N120S,N169D",3.55479383468628,-10.689840459823609,-10.748065710067747,-0.0234751981847427,-15.353169918060305,-0.9960437417030334,0.8201199072615644
"K125R,V149A,T229A",3.60209584236145,-11.11127562522888,-10.041410446166992,-0.0471765854779411,-13.56381893157959,-1.0311381816864014,0.966531681867698
"K130E,K157E,D196G",3.684697151184082,-10.01921339035034,-9.838102340698242,-0.0303497314453125,-21.945472240448,-1.0301369428634644,0.8036542086732087
"K130E,K157E,K213E",3.627033472061157,-10.805711221694946,-10.333317995071411,-0.0172149914653361,-22.815042972564697,-1.045385718345642,0.7878654576702666
"K130R,K165R,E171G",3.8792591094970703,-12.122605228424073,-11.550241947174072,-0.0370232077205883,-14.781943798065186,-1.0096991062164309,0.8464704394377874
"K130R,N158D,K165E",3.7687971591949454,-10.687376928329469,-10.33985710144043,-0.0367158521123294,-13.063779830932615,-1.0152615308761597,0.7852923650173281
"K130R,Q183R,I228V",3.7308101654052734,-10.814644718170166,-10.97886562347412,-0.028761022231158,-15.348434925079346,-1.0027077198028564,0.8244459842665929
"K155R,K165E,I228V",3.672788143157959,-10.769433164596558,-10.545414924621582,-0.0257628625180541,-14.555947303771973,-0.9795733094215392,0.8409072284058533
"K157E,F164S,D196G",3.137704610824585,-9.4892906665802,-9.606645107269289,-0.0711521180737919,-22.438995838165283,-1.0247527360916138,0.9549623667839696
"K157E,N158D,E234G",3.576832056045532,-9.33887815475464,-9.656746864318848,-0.0590824159253544,-17.79690980911255,-1.0356667041778564,0.8506204024075059
"K157R,N197D,K213E",3.99498462677002,-11.387144231796263,-11.299698114395142,0.0003279998522847,-16.224332809448242,-0.974970281124115,0.8101318665996189
"K157R,N197D,T229A",3.937110185623169,-10.747424268722536,-9.870742082595823,-0.0102610868566177,-13.356170177459717,-0.9785636067390442,0.880415443309037
"K157R,V192A,D196G",3.85888147354126,-11.323232316970826,-11.418106317520142,-0.0486519436876313,-19.46144294738769,-1.0531797409057615,0.8378621771105935
"K165R,S174G,N197D",3.586021900177002,-11.808431386947632,-11.665572881698608,-0.0146640809644169,-7.295388221740723,-0.9731902480125428,0.8520649895291552
"K44R,F98S,N120S",3.558184862136841,-9.686002635955813,-9.654991388320925,-0.0350400780429358,-13.261708736419678,-1.0008562803268433,0.936077000762078
"K44R,I46V,K165R",3.6926827430725098,-11.258993768692015,-11.23544454574585,-0.0142568379891019,-10.77082586288452,-0.9814956784248352,0.7571427723024756
"K44R,K106E,V192A,T229A",3.57678484916687,-15.300527429580688,-14.488712787628174,-0.0691498828535321,-23.77202606201172,-1.0381404161453247,1.1972923790014132
"K44R,K112R,Q183R",3.5467724800109863,-11.510770034790038,-11.527016401290894,-0.0217506985704438,-14.413872241973875,-1.0063456296920776,0.7877492536884843
"K44R,K112R,S174G,I228T",3.381385326385498,-16.464297580718995,-17.115472078323364,-0.0755807572052258,-12.7343487739563,-1.0315062999725342,1.2221756374610298
"K44R,K125R,K157E",3.685227632522583,-11.782498216629028,-11.611273050308228,-0.02855111771271,-13.92048168182373,-1.0426298379898071,0.7641855148270787
"K44R,K125R,K165R",3.646901845932007,-12.5256254196167,-12.26630163192749,-0.0224551673696822,-12.243975639343262,-0.9847073554992676,0.7968201474009455
"K44R,K51R,K125R",3.47498106956482,-12.912709045410155,-12.999815464019775,-0.0323110628528755,-12.675425052642822,-1.0219154357910156,0.7654360725119168
"K44R,K78E,K165E",3.2607853412628174,-11.472864055633544,-11.797796249389648,-0.0346646348969275,-16.570457935333252,-1.019658446311951,0.8238829576580172
"K44R,K78E,N143S",3.3900654315948486,-11.124750232696533,-11.704463720321655,-0.0238137124967174,-16.281802654266357,-0.9906075596809388,0.8055209494099601
"K44R,K78R,N197D",3.570059299468994,-11.913570261001588,-11.98728632926941,-0.0227427763097427,-9.506004810333252,-1.008458137512207,0.8129436837127532
"K51E,F98S,K130R",3.5659236907958984,-10.157613468170164,-9.831674575805664,-0.0136613605403099,-14.335834980010986,-0.99837464094162,0.8717606190475644
"K51E,F98S,K155R",3.713102102279663,-9.739723491668702,-9.19526195526123,-0.0092681115414916,-15.48317813873291,-0.9818025827407836,0.8746211741372069
"K51E,K106E,N158D,K165E",3.5528271198272705,-13.514502096176148,-13.078388452529907,-0.0305319393382352,-25.70970392227173,-0.9943045377731324,1.0295519484841895
"K51E,K106E,Q183R",3.693430662155152,-10.295051622390748,-10.139416933059692,-0.0059540051372111,-23.72989559173584,-0.9558629393577576,0.7738020063987598
"K51E,K125R,E171G",3.5710036754608154,-11.72235369682312,-11.064812898635864,-0.0353219168526786,-19.166739463806152,-1.012648105621338,0.8255449480679977
"K51E,K130E,D132G,E234G",3.5381500720977783,-14.476357078552246,-14.142931938171388,-0.0461624530183166,-30.607990741729736,-1.041628122329712,1.1925914316533373
"K51R,D132G,T229A",3.6067731380462646,-11.436493062973025,-10.389771938323976,-0.0394097336200105,-14.82504940032959,-1.0274455547332764,0.8942276685225703
"K51R,F98S,V149A",3.573084115982056,-10.253399562835693,-10.288373708724976,-0.0417197091238839,-11.282156467437744,-1.0025267601013184,0.956482026043535
"K51R,K106E,K155R",3.615379571914673,-11.907132863998411,-11.721001148223875,-0.0171888335412291,-17.879258632659912,-1.0394790172576904,0.750738363587721
"K51R,K78E,I228V",3.432300567626953,-11.382973527908325,-12.05159616470337,-0.0422504328879989,-16.439255714416504,-1.0450665950775146,0.7896910859069428
"K51R,N158D,K165E",3.761571168899536,-10.685275793075562,-10.57017707824707,-0.0382021094570641,-13.881434440612791,-0.985410213470459,0.76116733401208
"K78E,K112R,K130R",3.573556661605835,-12.182124757766724,-12.209322690963743,-0.0262574267988446,-14.743232250213625,-1.027490258216858,0.7584635938012259
"K78E,K157R,N169D",3.5732898712158203,-11.324933099746705,-11.986278057098389,-0.0164551294150472,-17.786241054534912,-1.0283401012420654,0.7831448351527177
"K78E,N120S,N163S,Q183R",3.1416709423065186,-13.042225217819214,-13.071418762207031,-0.0335338175797663,-27.759056091308597,-1.0424994230270386,1.1124075832579958
"K78E,N169D,I228T",3.468909978866577,-10.92269639968872,-12.146044731140137,-0.060112191849396,-17.374247550964355,-1.0470092296600342,0.9672389462000665
"K78E,N197D,K213E",3.49894380569458,-11.029818677902222,-11.260143041610718,-0.0160005713711266,-18.032578468322757,-1.0208759307861328,0.8433211663252762
"K78E,Q183R,D196G",3.744441032409668,-9.94163990020752,-10.543769598007202,-0.0300417347114627,-21.605345726013184,-1.0097469091415403,0.8379978344199981
"K78R,D132G,K213E",3.8337461948394775,-12.018029356002808,-11.584095001220703,-0.0253270253413866,-15.921495914459229,-1.0145567655563354,0.834874005724326
"K78R,F129L,E171G,S174G",3.560608148574829,-15.59238405227661,-15.146403074264526,-0.1117780669396666,-16.667731285095215,-0.9961947798728944,1.1897760464508558
"K78R,F98S,K130R",3.547299385070801,-10.986982583999634,-10.797020673751833,-0.0186511127888655,-8.900856971740723,-1.0093997716903689,0.8726517531222506
"K78R,K125R,N158D",3.706522703170776,-11.49704976081848,-11.131636142730711,-0.0360652378627233,-11.004915237426758,-1.0105746984481812,0.7430309444921935
"K78R,S174G,D196G",3.810758590698242,-11.718598318099977,-12.070353269577026,-0.0346233464088761,-10.101604461669922,-1.0068241357803345,0.8409846859233416
"N120S,D132G,I228T",3.638461351394653,-10.674047231674194,-10.701420783996582,-0.0729289335363052,-17.817752838134766,-1.0172221660614014,1.0052212155212668
"N120S,F129L,K130E",3.345036745071411,-9.863526010513306,-9.1313955783844,-0.0876359699153099,-23.2653865814209,-1.0387904644012451,0.8838411052174033
"N120S,I228T,E234G",3.627930879592896,-10.052350902557372,-11.005679368972778,-0.0847496225052522,-20.539815425872803,-1.039686679840088,1.0784099405400125
"N120S,K125R,K155R",3.6079533100128174,-11.33750500679016,-10.666532039642334,-0.0263603915687369,-16.524291515350342,-1.0168694257736206,0.8053402040868475
"N120S,K130E,V162A",3.604202270507813,-10.310277891159055,-9.620526313781738,-0.0471118317932641,-16.730417728424072,-1.026809811592102,0.8886827181754451
"N120S,K157R,N169D,E171G",3.705412387847901,-14.538026714324952,-14.489971160888672,-0.0466990751378677,-24.28782606124878,-1.0455087423324585,1.1350180131421244
"N120S,K213E,T229A",3.762639045715332,-10.069512033462525,-9.101462841033936,-0.0306255436745011,-20.035569190979004,-1.0098820924758911,0.933508636706898
"N120S,N143S,K155R,F164S",3.245123863220215,-13.390161800384522,-13.014032125473022,-0.0633356430951286,-26.92860746383667,-1.0221433639526367,1.2363540915317466
"N143S,K157R,E171G",3.686387300491333,-11.179273223876953,-11.008995294570925,-0.0189108968782825,-17.3016095161438,-0.9978298544883728,0.8224017454038963
"N143S,N158D,D196G",3.675715923309326,-9.079792594909668,-9.35556411743164,-0.0300505822446166,-15.813987731933594,-1.0100667476654053,0.8133017151137262
"N143S,N163S,V192A",3.68530535697937,-10.475794267654418,-10.270414113998411,-0.0309061002330619,-17.58413600921631,-1.0029650926589966,0.8629269333834626
"N143S,V149A,E171G",3.5739166736602783,-10.602169466018676,-10.401767492294312,-0.0488903141823136,-16.11155414581299,-1.014600396156311,0.94509568125222
"N158D,N163S,S174G",3.746106386184693,-10.376235580444336,-10.225868225097656,-0.0392842012293199,-9.916778087615969,-1.03595232963562,0.8255074620106242
"T48A,K125R,K130E,I228T",3.498737573623657,-15.470678901672365,-15.437004327774048,-0.0953276818539916,-24.552424430847168,-1.0577871799468994,1.2753007253226836
"T48A,K155R,F164S",3.2593584060668945,-10.734375762939454,-10.354932069778442,-0.0930460441012341,-20.640934944152832,-1.0522617101669312,1.0160607703749998
"T48A,K51R,V192A",3.5000205039978027,-12.066457223892211,-12.010955572128296,-0.0850890343930541,-17.596765995025635,-1.0655845403671265,0.8745331549325119
"T48A,K78R,F164S",3.4097836017608643,-11.091980934143066,-10.987031698226929,-0.0944462623916755,-18.5395302772522,-1.0561271905899048,1.000005098191283
"T48A,N143S,E171G",3.618300199508667,-10.66512875556946,-10.48056411743164,-0.0584020534483324,-17.658141136169434,-1.0047839879989624,0.9295691125755182
"T48A,N163S,D196G",3.413039207458496,-9.723521757125855,-9.806594848632812,-0.05218505859375,-18.67387628555298,-1.0069307088851929,0.928468750537473
"T48A,N163S,S174G",3.4812774658203125,-11.10582857131958,-11.03482699394226,-0.0531325139919249,-12.027935981750488,-1.0307700634002686,0.9194203295644214
"T48A,N197D,I228V",3.4471657276153564,-10.38751826286316,-10.535540103912354,-0.0539507184709822,-13.062267303466797,-1.0182278156280518,0.9247916853305694
"T48A,V162A,I228T",3.7054364681243896,-10.729432296752927,-11.027273893356323,-0.0997937627199316,-11.591231346130373,-1.0741804838180542,1.0803294286325058
"T8A,D196G,I228T",3.673638105392456,-10.363654470443723,-11.21606945991516,-0.0603577429506958,-15.403334617614746,-1.0209629535675049,1.0069888220986842
"T8A,F45L,K155R",3.5683019161224365,-10.344070053100586,-9.973757266998293,-0.042188756606158,-10.436822414398192,-1.0257854461669922,0.9180625317007994
"T8A,K157E,I228V",3.7937533855438232,-10.149258470535278,-10.293621301651,-0.0325750783711922,-13.42937421798706,-1.0288598537445068,0.8171565719335016
"T8A,K51R,K165R",3.704214334487915,-11.848738718032838,-11.810441493988035,-0.0201058267545299,-12.180685997009276,-1.0137460231781006,0.7875911146012782
"T8A,K78R,K106E,N197D",3.7155137062072754,-15.055781412124634,-14.990332841873167,-0.0175749193720458,-17.08015251159668,-0.9912771582603456,1.0866053202367074
"T8A,N169D,V192A",3.723769187927246,-11.31794023513794,-11.569661617279053,-0.0507750951943277,-14.730725288391112,-1.017042636871338,0.8887336883604262
"T8A,N197D,I228V",3.5600674152374268,-10.440832948684692,-10.654983758926392,-0.0256904153262869,-10.259043216705322,-0.9970171451568604,0.8795296615960017
"V149A,K165R,E171G",3.7517342567443848,-11.330838537216186,-10.806962013244627,-0.0568918180064994,-15.39152717590332,-1.024302363395691,0.9412306262702458
"V149A,N158D,I228V",3.651019811630249,-9.70689606666565,-9.780161380767822,-0.0689797281217174,-12.668312549591064,-1.0223535299301147,0.8886415036368165
"V149A,N163S,D196G",3.689677238464356,-9.660562467575073,-9.727798223495483,-0.0427283279034269,-17.127289295196533,-1.04285991191864,0.9439953192141748
"V149A,V162A,Q183R",3.719531774520874,-10.140954208374025,-9.906744956970217,-0.0487005410074186,-11.991717338562012,-1.00550639629364,0.955581053341918
"V162A,F164S,N169D",3.703158617019653,-10.23676233291626,-10.365097999572754,-0.0787361209132091,-14.51579523086548,-1.0234713554382324,1.0437540644305434
"V162A,N163S,Q183R,V192A",3.952901601791382,-13.916024112701416,-13.409924030303957,-0.0627001594094669,-20.11078453063965,-1.0520844459533691,1.198966696159463
"V162A,N169D,E234G",3.6530778408050537,-10.285279703140258,-10.997681379318236,-0.0532874099346769,-12.867559909820557,-1.007200837135315,1.0004627077965758
"V192A,N197D,I228V",3.693913459777832,-10.998174095153807,-11.01678729057312,-0.0541926792689733,-13.905158042907717,-1.0431394577026367,0.8944971276552595
